Added to the Index			Dropped from the Index													
Company	Ticker	Old Name & Ticker	Company	Ticker	Old Name & Ticker	Date	Year									
HCA Inc.	HCA		Safeway Inc.	SWY		January 27, 2015	2015									
Endo International	ENDP		Covidien	COV		January 27, 2015	2015									
Royal Caribbean Cruises	RCL		Bemis	BMS		December 5, 2014	2014									
Level 3 Comm's	LVLT		Jabil Circuit	JBL		November 5, 2014	2014									
United Rentals, Inc.	URI		Peabody Energy	BTU		September 20, 2014	2014									
Universal Health Services	UHS		Graham Holdings	GHC		September 20, 2014	2014									
Mallinckrodt plc	MNK		Rowan Companies plc	RDC		August 18, 2014	2014									
Discovery Com Class C	DISCK		-	-		August 6, 2014	2014									
Martin Marietta	MLM		U.S. Steel Corp.	X		July 2, 2014	2014									
Affiliated Managers Group	AMG		Forest Laboratories	FRX		July 1, 2014	2014									
Cimarex Energy	XEC		International Game Tech.	IGT		June 20, 2014	2014									
Avago Technologies	AVGO		LSI Corporation	LSI		May 8, 2014	2014									
Under Armour	UA		Beam Inc.	BEAM		May 1, 2014	2014									
Navient	NAVI		SLM Corp.	SLM		May 1, 2014	2014									
Google Inc. Class C	GOOG		-	-		April 3, 2014	2014									
Essex Property Trust Inc	ESS		Cliffs Natural Resources	CLF		April 2, 2014	2014									
Keurig Green Mountain	GMCR		WPX Energy Inc	WPX		March 21, 2014	2014									
Tractor Supply Co.	TSCO		Life Technologies	LIFE		January 24, 2014	2014									
Alliance Data Systems Corp.	ADS		Abercrombie & Fitch	ANF		December 21, 2013	2013									
Mohawk Industries	MHK		JDS Uniphase	JDSU		December 21, 2013	2013									
Facebook, Inc.	FB		Teradyne	TER		December 21, 2013	2013									
General Growth Properties	GGP		Molex Inc.	MOLX		December 10, 2013	2013									
Allegion	ALLE		J.C. Penney	JCP		December 2, 2013	2013									
Michael Kors Holdings	KORS		NYSE Euronext	NYX		November 13, 2013	2013									
Transocean	RIG		Dell, Inc.	DELL		October 21, 2013	2013									
Vertex Pharmaceuticals Inc.	VRTX		Advanced Micro Devices	AMD		September 20, 2013	2013									
Ametek	AME		SAIC	SAIC		September 20, 2013	2013									
Delta Air Lines	DAL		BMC Software	BMC		September 10, 2013	2013									
Nielsen Holdings	NLSN		Sprint Nextel Corp.	S		July 8, 2013	2013									
News Corporation	NWSA		Apollo Group Inc.	APOL		June 28, 2013	2013									
Zoetis, Inc.	ZTS		First Horizon	FHN		June 21, 2013	2013									
General Motors	GM		H. J. Heinz Company	HNZ		June 6, 2013	2013									
Kansas City Southern	KSU		Dean Foods	DF		May 23, 2013	2013									
Macerich	MAC		Coventry Health Care	CVH		May 8, 2013	2013									
Regeneron	REGN		MetroPCS	PCS		April 30, 2013	2013									
PVH Corp.	PVH		Big Lots Inc.	BIG		February 15, 2013	2013									
AbbVie Inc.	ABBV		Federated Investors	FII		December 31, 2012	2012									
Delphi Automotive	DLPH		Titanium Metals	TIE		December 21, 2012	2012									
Garmin Ltd.	GRMN		R.R. Donnelley	RRD		December 11, 2012	2012									
Dollar General	DG		Cooper Industries	CBE		December 3, 2012	2012									
PetSmart, Inc.	PETM		Sunoco Inc.	SUN		October 10, 2012	2012									
Kraft Foods Group	KRFT		Alpha Natural Resources	ANR		October 2, 2012	2012									
ADT Corp.	ADT		Lexmark Int'l Inc	LXK		October 1, 2012	2012									
Pentair Ltd.	PNR		DeVry, Inc.	DV		October 1, 2012	2012									
LyondellBasell	LYB		Sears Holding Corporation	SHLD		September 5, 2012	2012									
Ensco plc	ESV		Goodrich Corp.	GR		July 31, 2012	2012									
Seagate Technology	STX		Progress Energy Inc.	PGN		July 2, 2012	2012									
Monster Beverage	MNST		Sara Lee Corp.	SLE		June 29, 2012	2012									
Lam Research	LRCX		Novellus Systems	NVLS		June 5, 2012	2012									
Alexion Pharmaceuticals	ALXN		Motorola Mobility	MMI		May 21, 2012	2012									
Kinder Morgan	KMI		El Paso Corp.	EP		May 17, 2012	2012									
Phillips 66	PSX		Supervalu Inc.	SVU		April 23, 2012	2012									
Fossil, Inc.	FOSL		Medco Health Solutions	MHS		April 3, 2012	2012									
Crown Castle Int'l Corp.	CCI		Constellation Energy Group	CEG		March 13, 2012	2012									
WPX Energy Inc	WPX		Compuware	CPWR		December 31, 2011	2011									
TripAdvisor	TRIP		Tellabs Inc.	TLAB		December 20, 2011	2011									
BorgWarner	BWA		AK Steel Holding Corp.	AKS		December 16, 2011	2011									
Perrigo	PRGO		Monster Worldwide Inc.	MWW		December 16, 2011	2011									
Dollar Tree	DLTR		MEMC Electronic Materials	WFR		December 16, 2011	2011									
AGL Resources Inc.	GAS		AGL Resources Inc.	GAS		December 12, 2011	2011									
Cooper Industries	CBE		Janus Capital Group	JNS		November 18, 2011	2011									
Xylem Inc.	XYL		ITT Corp.	ITT		October 31, 2011	2011									
TE Connectivity Ltd.	TEL		Cephalon Inc.	CEPH		October 14, 2011	2011									
The Mosaic Co.	MOS		National Semiconductor	NSM		September 23, 2011	2011									
Accenture plc	ACN		Marshall & Iisley Corp.	MI		July 5, 2011	2011									
Marathon Petroleum	MPC		RadioShack Corp.	RSH		June 30, 2011	2011									
Alpha Natural Resources	ANR		Massey Energy Co.	MEE		June 1, 2011	2011									
Chipotle Mexican Grill	CMG		Novell, Inc.	NOVL		April 27, 2011	2011									
BlackRock	BLK		Genzyme Corp.	GENZ		April 1, 2011	2011									
Edwards Lifesciences	EW		Qwest Communications	Q		March 31, 2011	2011									
Covidien	COV		McAfee Inc.	MFE		February 28, 2011	2011									
Joy Global Inc.	JOY	Joy Global Inc. (JOYG)	Allegheny Energy Inc.	AYE		February 25, 2011	2011									
Noble Corp.	NE		QLogic Corp.	QLGC		January 14, 2011	2011									
Cablevision Systems Corp.	CVC		King Pharmaceuticals Inc.	KG		December 17, 2010	2010									
F5 Networks	FFIV		Eastman Kodak Co.	EK		December 17, 2010	2010									
Netflix Inc.	NFLX		Office Depot Inc.	ODP		December 17, 2010	2010									
Newfield Exploration Co.	NFX		The New York Times Co.	NYT		December 17, 2010	2010									
Ingersoll-Rand PLC	IR		Pactiv LLC	PTV		November 16, 2010	2010									
Tyco Int'l	TYC		Smith International Inc.	SII		August 26, 2010	2010									
ACE Limited	ACE		Millipore Inc.	MIL		July 14, 2010	2010									
QEP Resources	QEP		Questar Corp.	STR		June 30, 2010	2010									
Carmax Inc.	KMX		XTO Energy Inc.	XTO		June 28, 2010	2010									
Cerner	CERN		BJ Services Co.	BJS		April 29, 2010	2010									
ONEOK, Inc.	OKE		Black & Decker	BDK		March 12, 2010	2010									
Discovery Com Class A	DISCA		Pepsi Bottling Group Inc.	PBG		February 26, 2010	2010									
Berkshire Hathaway	BRK.B		Burlington Northern	BNI		February 12, 2010	2010									
Urban Outfitters	URBN		ACS Inc.	ACS		January 29, 2010	2010									
Roper Industries	ROP		Ensco plc	ESV		December 22, 2009	2009									
Mead Johnson	MJN		MBIA Corp.	MBI		December 18, 2009	2009									
Visa Inc.	V		Ciena Corp.	CIEN		December 18, 2009	2009									
Ross Stores	ROST		Dynegy Inc.	DYN		December 18, 2009	2009									
Cliffs Natural Resources	CLF		KB Home	KBH		December 18, 2009	2009									
SAIC	SAIC		Convergys Corp.	CVG		December 18, 2009	2009									
Priceline.com Inc	PCLN		Schering-Plough Corp.	SGP		November 3, 2009	2009									
First Solar Inc	FSLR		Wyeth Corp.	WYE		October 15, 2009	2009									
Airgas Inc.	ARG		Cooper Industries	CBE		September 8, 2009	2009									
Carefusion	CFN		The Manitowoc Company	MTW		August 31, 2009	2009									
FMC Corporation	FMC		Centex Corp.	CTX		August 18, 2009	2009									
Red Hat Inc.	RHT		CIT Group Inc.	CIT		July 24, 2009	2009									
Western Digital	WDC		Embarq Corp.	EQ		June 30, 2009	2009									
Quanta Services Inc.	PWR		Ingersoll-Rand PLC	IR		June 30, 2009	2009									
MetroPCS	PCS		-	-		June 29, 2009	2009									
-	-		TE Connectivity Ltd.	TEL	Tyco Electronics (TEL)	June 25, 2009	2009									
DeVry, Inc.	DV		-			June 8, 2009	2009									
FMC Technologies Inc.	FTI		Covidien	COV		June 4, 2009	2009									
-	-		General Motors	GM		June 2, 2009	2009									
Denbury Resources Inc.	DNR		Rohm and Haas Co.	ROH		April 1, 2009	2009									
Time Warner Cable Inc.	TWC		DDR Corp.	DDR		March 27, 2009	2009									
O'Reilly Automotive	ORLY		Noble Corp.	NE		March 26, 2009	2009									
Eversource Energy	ES	Northeast Utilities (NU)	Tyco Int'l	TYC		March 16, 2009	2009									
Ventas Inc.	VTR		Jones Apparel Group Inc.	JNY		March 3, 2009	2009									
Hormel Foods Corp.	HRL		American Capital Ltd.	ACAS		March 3, 2009	2009									
Diamond Offshore Drilling	DO		Weatherford Int'l Ltd.	WFT		February 25, 2009	2009									
Health Care REIT, Inc.	HCN		Sovereign Bancorp.	SOV		January 29, 2009	2009									
Iron Mountain Inc.	IRM		UST Inc.	UST		January 5, 2009	2009									
SCANA Corp.	SCG		Merrill Lynch	MER		December 31, 2008	2008									
FLIR Systems	FLIR		National City Corp.	NCC		December 31, 2008	2008									
Owens-Illinois Inc.	OI		Wachovia Corp.	WB		December 31, 2008	2008									
McAfee Inc.	MFE		Barr Pharmaceuticals Inc.	BRL		December 22, 2008	2008									
EQT Corporation	EQT		Transocean	RIG		December 18, 2008	2008									
Republic Services Inc.	RSG		Allied Waste Industries Inc.	AW		December 4, 2008	2008									
Dun & Bradstreet	DNB		Liz Claiborne Inc.	LIZ		December 1, 2008	2008									
Life Technologies	LIFE		Applied Biosystems Inc.	ABI		November 21, 2008	2008									
Stericycle Inc.	SRCL		Anheuser-Busch	BUD		November 18, 2008	2008									
Cephalon Inc.	CEPH		-	-		November 14, 2008	2008									
Dentsply Int'l	XRAY		Hercules Inc.	HPC		November 13, 2008	2008									
Wynn Resorts Ltd.	WYNN		Ashland Inc.	ASH		November 13, 2008	2008									
-	-		General Growth Properties	GGP		November 12, 2008	2008									
People's United Bank	PBCT		-	-		November 12, 2008	2008									
-	-		Unisys Corp.	UIS		November 10, 2008	2008									
J.M. Smucker Co.	SJM		Terex Corp.	TEX		November 5, 2008	2008									
Wisconsin Energy Corp.	WEC		MGIC Investment	MTG		October 30, 2008	2008									
NASDAQ OMX Group	NDAQ		Dillard's Inc.	DDS		October 21, 2008	2008									
Dr Pepper Snapple Group	DPS		Wrigley Co.	WWY		October 3, 2008	2008									
Flowserve Corporation	FLS		-	-		October 1, 2008	2008									
Amphenol Corp.	APH		Wendy's International Inc.	WEN		September 29, 2008	2008									
-	-		Washington Mutual Inc.	WAMUQ		September 29, 2008	2008									
Pioneer Natural Resources	PXD		-	-		September 23, 2008	2008									
-	-		Safeco Corp.	SAF		September 22, 2008	2008									
Harris Corp.	HRS		-	-		September 19, 2008	2008									
-	-		Lehman Brothers Holdings	LEH		September 16, 2008	2008									
Salesforce.com	CRM		-	-		September 12, 2008	2008									
Fastenal Co.	FAST		-	-		September 12, 2008	2008									
-	-		Freddie Mac (FHLMC)	FRE		September 10, 2008	2008									
-	-		Fannie Mae (FNMA)	FNM		September 10, 2008	2008									
CF Industries Holdings Inc.	CF		Electronics Data Systems	EDS		August 26, 2008	2008									
Invesco Ltd.	IVZ		IAC/InterActiveCorp	IACI		August 20, 2008	2008									
DaVita Inc.	DVA		Clear Channel Comm's Inc.	CCU		July 30, 2008	2008									
Mastercard Inc.	MA		ACE Limited	ACE		July 17, 2008	2008									
Scripps Networks Int.	SNI		E.W. Scripps Co.	SSP		June 30, 2008	2008									
AK Steel Holding Corp.	AKS		Countrywide Financial Corp.	CFC		June 30, 2008	2008									
Massey Energy Co.	MEE		OfficeMax Inc.	OMX		June 20, 2008	2008									
Cabot Oil & Gas	COG		Brunswick Corp.	BC		June 20, 2008	2008									
Lorillard Inc.	LO		Ambac Financial Group Inc.	ABK		June 10, 2008	2008									
Southwestern Energy	SWN		Trane Inc.	TT		June 6, 2008	2008									
Intuitive Surgical Inc.	ISRG		Bear Stearns Inc.	BSC		June 2, 2008	2008									
HCP Inc.	HCP		Commerce Bancorp	CBH		March 28, 2008	2008									
Philip Morris Int'l	PM		Circuit City Stores Inc.	CC		March 28, 2008	2008									
Cameron Int'l Corp.	CAM		Harrah's Entertainment	HET		January 28, 2008	2008									
Total System Services	TSS		Synovus Financial Corp.	SNV		December 31, 2007	2007									
Graham Holdings	GHC	Washington Post Co. (WPO)	Temple-Inland Inc.	TIN		December 28, 2007	2007									
Range Resources Corp.	RRC		Tribune Co.	TRB		December 20, 2007	2007									
GameStop Corp.	GME		Dow Jones & Co. Inc.	DJ		December 13, 2007	2007									
Transocean	RIG		Transocean	RIG		November 26, 2007	2007									
American Tower Corp.	AMT		Alltel Wireless	AT		November 16, 2007	2007									
The Manitowoc Company	MTW		Tektronix Inc.	TEK		November 15, 2007	2007									
Pepco Holdings Inc.	POM		Manor Care Inc.	HCR		November 8, 2007	2007									
Titanium Metals	TIE		Bausch & Lomb Inc.	BOL		October 26, 2007	2007									
Jacobs Engineering Group	JEC		Avaya Inc.	AV		October 25, 2007	2007									
NYSE Euronext	NYX		Hilton Hotels	HLT		October 24, 2007	2007									
Expeditors Int'l	EXPD		TXU Corp.	TXU		October 9, 2007	2007									
Noble Energy Inc.	NBL		Archstone-Smith Trust	ASN		October 5, 2007	2007									
Expedia Inc.	EXPE		Solectron Corp.	SLR		October 1, 2007	2007									
Teradata Corp.	TDC		NCR Corp.	NCR		September 28, 2007	2007									
Tesoro Petroleum Co.	TSO		Maxim Integrated	MXIM		September 26, 2007	2007									
Intercontinental Exchange	ICE		-	-		September 25, 2007	2007									
-	-		First Data Corp.	FDC		September 24, 2007	2007									
Microchip Technology	MCHP		Compass Bancshares	CBSS		September 7, 2007	2007									
Leucadia National Corp.	LUK		Keyspan Energy	KSE		August 24, 2007	2007									
Akamai Technologies Inc.	AKAM		Biomet Inc.	BMET		July 11, 2007	2007									
American Capital Ltd.	ACAS		Dollar General	DG		July 6, 2007	2007									
TE Connectivity Ltd.	TEL	Tyco Electronics (TEL)	PMC-Sierra	PMCS		June 29, 2007	2007									
Covidien	COV		Sanmina Corp.	SANM		June 29, 2007	2007									
General Growth Properties	GGP		Mellon Financial	MEL		June 29, 2007	2007									
BNY Mellon	BK	Bank of New York (BK)	BNY Mellon	BK	Bank of New York (BK)	June 29, 2007	2007									
Discover Financial Services	DFS		ADC Telecomm. Inc.	ADCT		June 29, 2007	2007									
Precision Castparts	PCP		MedImmune Inc.	MEDI		May 31, 2007	2007									
MEMC Electronic Materials	WFR		Kinder Morgan	KMI		May 30, 2007	2007									
Assurant Inc.	AIZ		Realogy Corp.	RLGY	Realogy Corp. (H)	April 9, 2007	2007									
Mondelez Int'l	MDLZ	Kraft Foods Inc (KFT)	Sabre Holding Corp.	TSG		March 30, 2007	2007									
Abercrombie & Fitch	ANF		Univision Communications	UVN		March 28, 2007	2007									
DDR Corp.	DDR		Caremark Rx Inc.	CMX		March 22, 2007	2007									
Host Hotels & Resorts	HST		Phelps Dodge	PD		March 19, 2007	2007									
C. H. Robinson Worldwide	CHRW		Health Management Assoc.	HMA		March 1, 2007	2007									
Integrys Energy Group Inc.	TEG		Peoples Energy	PGL		February 21, 2007	2007									
Hudson City Bancorp	HCBK		American Power Conversion	APCC		February 14, 2007	2007									
Varian Medical Systems	VAR		Equity Office Properties	EOP		February 9, 2007	2007									
Polo Ralph Lauren Corp.	RL		Comverse Technology	CMVT		January 31, 2007	2007									
AvalonBay Communities	AVB		Symbol Technologies	SBL		January 9, 2007	2007									
Ensco plc	ESV		BellSouth Corp.	BLS		January 3, 2007	2007									
Spectra Energy Corp.	SE		Parametric Technology	PMTC		December 29, 2006	2006									
Terex Corp.	TEX		Navistar Int'l	NAV		December 19, 2006	2006									
DirecTV	DTV		Freescale Semiconductor	FSL.B		December 1, 2006	2006									
IAC/InterActiveCorp	IACI		Lucent Technologies	LU		November 30, 2006	2006									
Questar Corp.	STR		North Fork Bancorp. Inc.	NFB		November 30, 2006	2006									
Peabody Energy	BTU		HCA Inc.	HCA		November 17, 2006	2006									
Cognizant Technology Sol.	CTSH		Alberto-Culver Co.	ACV		November 16, 2006	2006									
CBRE Group	CBG		Fisher Scientific	FSH		November 9, 2006	2006									
Fidelity Nat. Info. Services	FIS		Louisiana-Pacific Corp.	LPX		November 9, 2006	2006									
Celgene Corp.	CELG		AmSouth Bancorp	ASO		November 3, 2006	2006									
Smith International Inc.	SII		Golden West Financial	GDW		September 29, 2006	2006									
Western Union Co.	WU		Andrew Corp.	ANDW		September 29, 2006	2006									
CME Group Inc.	CME		Kerr-McGee Corp.	KMG		August 10, 2006	2006									
Wyndham Worldwide	WYN		Cendant Corp.	CD		July 31, 2006	2006									
Realogy Corp.	RLGY	Realogy Corp. (H)	Gateway Inc.	GTW		July 31, 2006	2006									X
Windstream Comm's	WIN		Cooper Tire & Rubber Co.	CTB		July 17, 2006	2006									
Consol Energy Inc.	CNX		Knight-Ridder Inc.	KRI		June 27, 2006	2006									
Commerce Bancorp	CBH		Engelhard Corp.	EC		June 5, 2006	2006									
Juniper Networks	JNPR		Albertson's Inc.	ABS		June 1, 2006	2006									
Embarq Corp.	EQ		Applied Micro Circuits Corp.	AMCC		May 17, 2006	2006									
Legg Mason	LM		Guidant Co.	GDT		April 21, 2006	2006									
SanDisk Corporation	SNDK		Chiron Corp.	CHIR		April 19, 2006	2006									
Dean Foods	DF		Maytag Corp.	MYG		March 31, 2006	2006									
Kimco Realty	KIM		Jefferson-PilotCorp.	JP		March 31, 2006	2006									
Boston Properties	BXP		Cinergy Corp.	CIN		March 31, 2006	2006									
Google Inc. Class A	GOOGL	Google Inc. (GOOG)	Burlington Resources Inc.	BR		March 31, 2006	2006									
Chesapeake Energy	CHK		Dana Corp.	DCN		March 2, 2006	2006									
Barr Pharmaceuticals Inc.	BRL		Scientific Atlanta Inc.	SFA		February 24, 2006	2006									
Verisign Inc.	VRSN		Reebok Int'l	RBK		January 31, 2006	2006									
Harman Int'l Industries	HAR		Siebel Systems Inc.	SEBL		January 31, 2006	2006									
Estee Lauder Cos.	EL		-	-		January 4, 2006	2006									
-	-		Mercury Interactive	MERQE		January 3, 2006	2006									
CBS Corp.	CBS		Visteon Corp.	VC		December 30, 2005	2005									
Whole Foods Market	WFM	Whole Foods Market (WFMI)	MBNA Corp.	KRB		December 30, 2005	2005									
E.W. Scripps Co.	SSP		Georgia-Pacific Group	GP		December 19, 2005	2005									
Genworth Financial Inc.	GNW		Calpine Corp.	CPN		December 1, 2005	2005									
Amazon.com Inc.	AMZN		AT&T Corp. (Old)	T (Old)		November 18, 2005	2005									
Patterson Companies	PDCO		Delphi Corp.	DPH		October 10, 2005	2005									
Lennar Corp.	LEN		-	-		October 3, 2005	2005									
Ameriprise Financial	AMP		Providian Financial	PVN		September 30, 2005	2005									
-	-		Gillette Co.	G		September 30, 2005	2005									
Coventry Health Care	CVH		May Dept. Stores	MAY		August 29, 2005	2005									
Public Storage	PSA		Delta Air Lines	DAL		August 18, 2005	2005									
Murphy Oil	MUR		Nextel Communications	NXTL		August 12, 2005	2005									
Vornado Realty Trust	VNO		SunGard Data Systems	SDS		August 11, 2005	2005									
Tyson Foods	TSN		Unocal Corp.	UCL		August 10, 2005	2005									
Weatherford Int'l Ltd.	WFT		Toys "R" Us, Inc.	TOY		July 21, 2005	2005									
D. R. Horton	DHI		Veritas Software	VRTS		July 1, 2005	2005									
Constellation Brands	STZ		Great Lakes Chemical	GLK		July 1, 2005	2005									
Sears Holding Corporation	SHLD		Sears, Roebuck & Co.	S (Sears)		March 24, 2005	2005									
National Oilwell Varco Inc.	NOV		Power-One, Inc.	PWER		March 11, 2005	2005									
Molson Coors Brewing Co.	TAP		Adolph Coors	RKY		February 8, 2005	2005									
XTO Energy Inc.	XTO		PeopleSoft Inc.	PSFT		December 28, 2004	2004									
Archstone-Smith Trust	ASN		Crane Co.	CR		December 17, 2004	2004									
Twenty-First Century Fox	FOXA	(Old) News Corp.	Deluxe Corp.	DLX		December 17, 2004	2004									
Compass Bancshares	CBSS		Worthington Industries	WOR		December 17, 2004	2004									
Freescale Semiconductor	FSL.B		Winn-Dixie	WIN (W-D)		December 2, 2004	2004									
L-3 Comm's Holdings	LLL		WellPoint Health Networks	WLP		November 30, 2004	2004									
LabCorp	LH		South Trust Corp.	SOTR		October 29, 2004	2004									
CIT Group Inc.	CIT		AT&T Wireless	AWE		October 26, 2004	2004									
Coach Inc.	COH		Charter One Financial	CF (C. O.)		August 31, 2004	2004									
Fisher Scientific	FSH		Thomas & Betts	TNB		August 2, 2004	2004									
Gilead Sciences	GILD		Bank One Corp.	ONE		June 30, 2004	2004									
Sovereign Bancorp.	SOV		Union Planters Corp.	UPC		June 30, 2004	2004									
Hospira Inc.	HSP		American Greetings	AM		April 30, 2004	2004									
Valero Energy	VLO		John Hancock Financial	JHF		April 28, 2004	2004									
Mylan Inc.	MYL		MetroPCS	PCS		April 22, 2004	2004									
ACS Inc.	ACS		Travelers Property Casualty	TAP.B		April 1, 2004	2004									
E*Trade Financial Corp.	ETFC	E*Trade Financial Corp. (ET)	FleetBoston Financial	FBF		March 31, 2004	2004									
Caremark Rx Inc.	CMX		Tupperware Corp.	TUP		March 24, 2004	2004									
M&T Bank Corp.	MTB		Concord EFS Inc.	CE		February 26, 2004	2004									
Biogen Idec, Inc.	BIIB		Biogen Inc.	BGEN		November 12, 2003	2003									
Express Scripts	ESRX		Quintiles Transnational	QTRN		September 25, 2003	2003									
Medco Health Solutions	MHS		McDermott Int'l	MDR		August 19, 2003	2003									
Prologis	PLD		Mirant Corp	MIR		July 16, 2003	2003									
Federated Investors	FII		Pharmacia Corp.	PHA		April 15, 2003	2003									
Symantec Corp.	SYMC		Household Int'l	HI		March 28, 2003	2003									
McCormick & Co.	MKC		HealthSouth Corp.	HRC		March 20, 2003	2003									
Aimco	AIV		AMR Corp.	AMR		March 13, 2003	2003									
AutoNation Inc.	AN		Rational Software	RATL		February 21, 2003	2003									
Quest Diagnostics	DGX		TRW Inc.	TRW		December 11, 2002	2002									
Comcast Class A Comm.	CMCSA		Comcast Class A Spec.	CMCSK		November 18, 2002	2002									
Reynolds American Inc.	RAI	RJ Reynolds Tobacco (RJR)	-	-		September 3, 2002	2002									
-	-		Conoco Inc.	COC		August 30, 2002	2002									
Travelers Property Casualty	TAP.B		Vitesse Semiconductor	VTSS		August 20, 2002	2002									
Monsanto Co.	MON		Palm Inc.	PALM		August 13, 2002	2002									
Anthem Inc.	ANTM	Anthem Inc. (ATH)	Conseco Inc.	CNC		July 24, 2002	2002									
Electronic Arts	EA	Electronic Arts (ERTS)	Placer Dome Inc.	PDG		July 19, 2002	2002									
United Parcel Service	UPS		Royal Dutch Petroleum	RD		July 19, 2002	2002									
Goldman Sachs Group	GS		Unilevr N.V.	UN		July 19, 2002	2002									
Prudential Financial	PRU		Nortel Networks	NT		July 19, 2002	2002									
eBay Inc.	EBAY		Alcan Inc.	AL		July 19, 2002	2002									
Principal Financial Group	PFG		Barrick Gold Corp.	ABX		July 19, 2002	2002									
SunGard Data Systems	SDS		Inco Ltd.	N		July 19, 2002	2002									
North Fork Bancorp. Inc.	NFB		Immunex Corp.	IMNX		July 16, 2002	2002									
Simon Property Group Inc.	SPG		Conexant Systems	CNXT		June 25, 2002	2002									
BJ Services Co.	BJS		USAirways Group Inc.	U		May 14, 2002	2002									
Apollo Group Inc.	APOL		WorldCom	WCOM		May 14, 2002	2002									
Trane Inc.	TT	American Standard (ASD)	Sapient Corp.	SAPE		May 10, 2002	2002									
First Horizon	FHN	First Tennessee National (FTN)	COMPAQ Computer	CPQ		May 3, 2002	2002									
Marshall & Iisley Corp.	MI		Willamette Industries	WLL		February 8, 2002	2002									
Rational Software	RATL		Niagara Mohawk Hldgs. Inc.	NMK		January 31, 2002	2002									
MeadWestvaco Corp.	MWV		Mead Corp.	MEA		January 29, 2002	2002									
ACE Limited	ACE		Westvaco Corp.	W		January 29, 2002	2002									
Plum Creek Timber Co.	PCL		Kmart	KM		January 16, 2002	2002									
Waters Corp.	WAT		FMC Corporation	FMC		December 31, 2001	2001									
Jones Apparel Group Inc.	JNY		Homestake Mining	HM		December 14, 2001	2001									
Genzyme Corp.	GENZ		-	-		December 13, 2001	2001									
-	-		Ralston Purina Co.	RAL		December 12, 2001	2001									
Equity Residential	EQR		National Service Ind.	NSI		November 30, 2001	2001									
Nvidia Corp.	NVDA		Enron Corp.	ENE		November 29, 2001	2001									
Health Management Assoc.	HMA		GPU Inc.	GPU		November 6, 2001	2001									
TECO Energy	TE		Global Crossing Ltd.	GX		October 9, 2001	2001									
Equity Office Properties	EOP		Texaco Inc.	TX		October 9, 2001	2001									
Immunex Corp.	IMNX		-	-		September 20, 2001	2001									
-	-		Tosco Corp.	TOS		September 17, 2001	2001									
XL Capital	XL		First Union	FTU	Wachovia Corp. (WB)	August 31, 2001	2001									
International Game Tech.	IGT		BroadVision Inc.	BVSN		August 31, 2001	2001									
Ciena Corp.	CIEN		American General	AGC		August 29, 2001	2001									
AmerisourceBergen Corp.	ABC		ONEOK, Inc.	OKE		August 29, 2001	2001									
Zimmer Holdings	ZMH		Timken Co.	TKR		August 6, 2001	2001									
Family Dollar Stores	FDO		Cabletron Systems	CS		August 3, 2001	2001									
PMC-Sierra	PMCS		Quaker Oats	OAT		August 2, 2001	2001									
AT&T Wireless	AWE		Potlatch Corp.	PCH		July 6, 2001	2001									
Rockwell Collins	COL		Longs Drug Stores	LDG		June 29, 2001	2001									
John Hancock Financial	JHF		Harcourt General Inc.	H		June 27, 2001	2001									
Zions Bancorp	ZION		ALZA Corp.	AZA		June 22, 2001	2001									
Monster Worldwide Inc.	MWW	TMP Worldwide (TMPW)	CIT Group Inc.	CIT		June 1, 2001	2001									
Pepsi Bottling Group Inc.	PBG		Adaptec Inc.	ADPT		May 11, 2001	2001									
Mirant Corp	MIR		Briggs & Stratton	BGG		April 2, 2001	2001									
Concord EFS Inc.	CE	Concord EFS Inc. (CEFT)	Ceridian Corp.	CEN		March 30, 2001	2001									
Fiserv Inc	FISV		Old Kent Financial	OK		March 30, 2001	2001									
Cintas Corp.	CTAS		Summit Bancorp	SUB		February 28, 2001	2001									
Frontier Communications	FTR	Citizens Communications (CZN)	Firstar Corporation	FSR	U.S. Bancorp (USB)	February 26, 2001	2001									
Univision Communications	UVN		Union Carbide	UK		February 6, 2001	2001									
Jabil Circuit	JBL		Coastal Corp.	CGP		January 29, 2001	2001									
Noble Corp.	NE		American Online	AOL	Time Warner Inc. (TWX)	January 12, 2001	2001									
Applied Micro Circuits Corp.	AMCC		Chase Manhattan	CMB	Morgan (J.P.) & Co. (JPM)	December 29, 2000	2000									
Fluor Corp.	FLR		Massey Energy Co.	MEE		December 21, 2000	2000									
Vitesse Semiconductor	VTSS		Springs Industries Inc.	SMI		December 11, 2000	2000									
Stryker Corp.	SYK		Russell Corp.	RML		December 11, 2000	2000									
QLogic Corp.	QLGC		Polaroid Corp.	PRD		December 11, 2000	2000									
Kinder Morgan	KMI		Nabisco Group Hldgs.	NGH		December 11, 2000	2000									
Allegheny Energy Inc.	AYE		Bethlehem Steel	BS		December 8, 2000	2000									
Ambac Financial Group Inc.	ABK		Crown Cork & Seal	CCK		December 8, 2000	2000									
Symbol Technologies	SBL		W. R. Grace and Co.	GRA		December 8, 2000	2000									
MetLife Inc.	MET		Seagram Co. Ltd.	VO		December 8, 2000	2000									
Intuit Inc.	INTU		Owens-Illinois Inc.	OI		December 8, 2000	2000									
Robert Half International	RHI		-	-		December 4, 2000	2000									
-	-		Associates First Capital	AFS		December 1, 2000	2000									
Calpine Corp.	CPN		Florida Progress	FPC		November 30, 2000	2000									
Chiron Corp.	CHIR		Fort James Corp.	FJ		November 22, 2000	2000									
Forest Laboratories	FRX		Seagate Technology	SEG		November 21, 2000	2000									
Starwood Hotels & Res	HOT		Armstrong Holdings Inc.	ACK		November 16, 2000	2000									
BroadVision Inc.	BVSN		PainWebber Group	PWJ		November 3, 2000	2000									
NiSource Inc.	NI		Columbia Energy Group	CG		November 1, 2000	2000									
EOG Resources	EOG		Eastern Enterprises	EFU		November 1, 2000	2000									
Power-One, Inc.	PWER		Unicom Corp.	UCM		October 20, 2000	2000									
Nabors Industries Ltd.	NBR		Mallinckrodt Inc.	MKG		October 17, 2000	2000									
King Pharmaceuticals Inc.	KG		Young & Rubicam	YNR		October 2, 2000	2000									
Moody's Corp	MCO		Dun & Bradstreet	DNB		October 2, 2000	2000									
Dynegy Inc.	DYN		BestFoods	BFO		October 2, 2000	2000									
Avaya Inc.	AV		Owens Corning	OWC		September 29, 2000	2000									
Devon Energy Corp.	DVN		Great A&P	GAP		August 29, 2000	2000									
Keyspan Energy	KSE		New Century Energies	NCE		August 18, 2000	2000									
Palm Inc.	PALM		3Com Corp.	COMS		July 27, 2000	2000									
JDS Uniphase	JDSU		Rite Aid Corp.	RAD		July 26, 2000	2000									
CIT Group Inc.	CIT		Union Pacific Resources	UPR		July 14, 2000	2000									
Janus Capital Group	JNS	Stilwell Financial (SV)	Kansas City Southern	KSU		July 12, 2000	2000									
Qwest Communications	Q		US West	USW		July 5, 2000	2000									
Broadcom Corp.	BRCM		GTE Corp.	GTE		June 30, 2000	2000									
Mercury Interactive	MERQE	Mercury Interactive (MERQ)	Milacron Inc.	MZ		June 28, 2000	2000									
Visteon Corp.	VC		IKON Office Solutions, Inc.	IKN		June 28, 2000	2000									
Sanmina Corp.	SANM		Warner-Lambert	WLA		June 20, 2000	2000									
Tiffany & Co.	TIF		Silicon Graphics	SGI		June 20, 2000	2000									
Charter One Financial	CF (C. O.)		-	-		June 16, 2000	2000									
Novellus Systems	NVLS		Champion International	CHA		June 16, 2000	2000									
MedImmune Inc.	MEDI		Central & South West	CSR		June 15, 2000	2000									
-	-		MediaOne Group Inc.	UMG		June 15, 2000	2000									
Convergys Corp.	CVG		Times Mirror	TMC		June 12, 2000	2000									
Starbucks Corp.	SBUX		Shared Medical Systems	SMS		June 7, 2000	2000									
Agilent Technologies Inc.	A		NACCO Industries	NC		June 2, 2000	2000									
American Power Conversion	APCC		Mirage Resorts	MIR (M. R.)		May 31, 2000	2000									
Maxim Integrated	MXIM		Jostens Inc.	JOS		May 9, 2000	2000									
Siebel Systems Inc.	SEBL		CBS Corp.	CBS		May 4, 2000	2000									
Sapient Corp.	SAPE		Reynolds Metals	RLM		May 4, 2000	2000									
Altera Corp.	ALTR		Atlantic Richfield	ARC		April 17, 2000	2000									
Linear Technology Corp.	LLTC		Monsanto Co.	MTC		March 31, 2000	2000									
Veritas Software	VRTS		Pep Boys	PBY		March 31, 2000	2000									
Pharmacia Corp.	PHA		Pharmacia & Upjohn Inc.	PNU		March 31, 2000	2000									
Sabre Holding Corp.	TSG		Service Corp. Int'l	SRV		March 15, 2000	2000									
Biogen Inc.	BGEN		Foster Wheeler	FWC		January 28, 2000	2000									
Conexant Systems	CNXT		Consolidated Natural Gas	CNG		January 28, 2000	2000									
Harley-Davidson	HOG	Harley-Davidson, Inc. (HDI)	Fleetwood Enterprises	FLE		January 28, 2000	2000									
Young & Rubicam	YNR		General Instrument	GIC		January 5, 2000	2000									
NCR Corp.	NCR		Republic New York Corp	RNB		December 31, 1999	1999									
Transocean	RIG		Helmerich & Payne	HP		December 31, 1999	1999									